Variable,Previous reading,Next reading,Gap minutes
Q_net,2026-04-17 14:54:29.000,2026-04-17 14:58:44.000,4.25
Q_net,2026-04-17 14:59:31.000,2026-04-17 15:03:44.000,4.216666666666667
Q_net,2026-04-17 15:03:44.000,2026-04-17 15:08:44.000,5.0
Q_net,2026-04-17 15:08:44.000,2026-04-17 15:13:44.000,5.0
Q_net,2026-04-17 15:13:44.000,2026-04-17 15:18:50.000,5.1
Q_net,2026-04-17 15:18:50.000,2026-04-17 15:23:50.000,5.0
Q_net,2026-04-17 15:23:50.000,2026-04-17 15:28:50.000,5.0
Q_net,2026-04-17 15:28:50.000,2026-04-17 15:33:50.000,5.0
Q_net,2026-04-17 15:33:50.000,2026-04-17 15:38:50.000,5.0
Q_net,2026-04-17 15:38:50.000,2026-04-17 15:43:50.000,5.0
Q_net,2026-04-17 15:43:50.000,2026-04-17 15:48:50.000,5.0
Q_net,2026-04-17 15:48:50.000,2026-04-17 15:53:50.000,5.0
Q_net,2026-04-17 15:53:50.000,2026-04-17 15:58:50.000,5.0
Q_net,2026-04-17 15:58:50.000,2026-04-17 16:03:50.000,5.0
Q_net,2026-04-17 16:03:50.000,2026-04-17 16:08:50.000,5.0
Q_net,2026-04-17 16:08:50.000,2026-04-17 16:13:50.000,5.0
Q_net,2026-04-17 16:13:50.000,2026-04-17 16:18:50.000,5.0
Q_net,2026-04-17 16:18:50.000,2026-04-17 16:23:50.000,5.0
Q_net,2026-04-17 16:23:50.000,2026-04-17 16:28:50.000,5.0
Q_net,2026-04-17 16:28:50.000,2026-04-17 16:33:50.000,5.0
Q_net,2026-04-17 16:33:50.000,2026-04-17 16:38:50.000,5.0
Q_net,2026-04-17 16:38:50.000,2026-04-17 16:43:51.000,5.016666666666667
Q_net,2026-04-17 16:43:51.000,2026-04-17 16:48:51.000,5.0
Q_net,2026-04-17 16:48:51.000,2026-04-17 16:53:51.000,5.0
Q_net,2026-04-17 16:53:51.000,2026-04-17 16:58:51.000,5.0
Q_net,2026-04-17 16:58:51.000,2026-04-17 17:03:51.000,5.0
Q_net,2026-04-17 17:03:51.000,2026-04-17 17:08:51.000,5.0
Q_net,2026-04-17 17:08:51.000,2026-04-17 17:13:51.000,5.0
Q_net,2026-04-17 17:13:51.000,2026-04-17 17:18:51.000,5.0
Q_net,2026-04-17 17:18:51.000,2026-04-17 17:23:51.000,5.0
Q_net,2026-04-17 17:23:51.000,2026-04-17 17:28:51.000,5.0
Q_net,2026-04-17 17:28:51.000,2026-04-17 17:33:51.000,5.0
Q_net,2026-04-17 17:33:51.000,2026-04-17 17:38:51.000,5.0
Q_net,2026-04-17 17:38:51.000,2026-04-20 09:36:30.000,3837.65
Q_net,2026-04-20 09:37:04.000,2026-04-20 09:42:04.000,5.0
Q_net,2026-04-20 09:42:04.000,2026-04-20 09:47:04.000,5.0
Q_net,2026-04-20 09:47:04.000,2026-04-20 09:52:04.000,5.0
Q_net,2026-04-20 09:52:04.000,2026-04-20 09:57:04.000,5.0
Q_net,2026-04-20 09:57:04.000,2026-04-20 10:02:04.000,5.0
Q_net,2026-04-20 10:02:04.000,2026-04-20 10:05:36.000,3.533333333333333
Q_net,2026-04-20 16:47:43.000,2026-04-20 17:01:03.000,13.333333333333334
Q_net,2026-04-21 10:22:24.000,2026-04-21 10:37:03.000,14.65
Q_net,2026-04-21 18:00:41.000,2026-04-22 10:16:06.000,975.4166666666666
Q_net,2026-04-22 10:52:06.000,2026-04-22 11:09:24.000,17.3
T_sky,2026-04-20 09:36:08.788,2026-04-20 09:41:08.788,5.0
T_sky,2026-04-20 09:41:08.788,2026-04-20 09:46:08.788,5.0
T_sky,2026-04-20 09:46:08.788,2026-04-20 09:51:08.788,5.0
T_sky,2026-04-20 09:51:08.788,2026-04-20 09:56:08.788,5.0
T_sky,2026-04-20 09:56:08.788,2026-04-20 10:01:08.788,5.0
T_sky,2026-04-20 10:01:08.788,2026-04-20 10:06:31.819,5.38385
T_sky,2026-04-20 10:51:31.819,2026-04-20 10:59:18.690,7.781183333333333
T_sky,2026-04-20 16:47:49.473,2026-04-20 16:59:18.736,11.487716666666667
T_sky,2026-04-21 09:31:18.736,2026-04-22 10:15:48.460,1484.4954
T_sky,2026-04-22 10:51:48.460,2026-04-22 11:09:17.689,17.48715
T_sky,2026-04-22 11:41:17.689,2026-04-22 17:58:35.680,377.29985000000005
T_sky,2026-04-23 04:55:35.680,2026-04-23 09:02:07.724,246.53406666666666
T_sky,2026-04-27 09:07:07.724,2026-04-27 10:11:33.972,64.43746666666667
T_sky,2026-04-28 14:04:33.668,2026-04-28 14:09:08.911,4.587383333333333
T_sky,2026-04-28 14:14:49.770,2026-04-28 14:32:11.712,17.3657
T_sky,2026-04-28 14:41:11.712,2026-04-28 14:46:26.000,5.238133333333334
T_amb,2026-04-17 17:41:24.000,2026-04-20 09:37:02.000,3835.633333333333
T_amb,2026-04-21 18:01:02.000,2026-04-22 10:16:54.000,975.8666666666667
T_amb,2026-04-22 10:51:54.000,2026-04-22 11:10:42.000,18.8
RH,2026-04-17 17:41:24.000,2026-04-20 09:37:02.000,3835.633333333333
RH,2026-04-21 18:01:02.000,2026-04-22 10:16:54.000,975.8666666666667
RH,2026-04-22 10:51:54.000,2026-04-22 11:10:42.000,18.8
v,2026-04-17 17:41:24.000,2026-04-20 09:37:02.000,3835.633333333333
v,2026-04-21 18:01:02.000,2026-04-22 10:16:54.000,975.8666666666667
v,2026-04-22 10:51:54.000,2026-04-22 11:10:42.000,18.8
G,2026-04-17 17:41:24.000,2026-04-20 09:37:02.000,3835.633333333333
G,2026-04-21 18:01:02.000,2026-04-22 10:16:54.000,975.8666666666667
G,2026-04-22 10:51:54.000,2026-04-22 11:10:42.000,18.8
